{"stats":{"minecraft:custom":{"minecraft:inspect_dropper":4,"minecraft:interact_with_anvil":2,"minecraft:mob_kills":78,"minecraft:play_one_minute":1183690,"minecraft:leave_game":83,"minecraft:time_since_death":105157,"minecraft:time_since_rest":105463,"minecraft:sprint_one_cm":993666,"minecraft:walk_one_cm":1684286,"minecraft:damage_taken":1170,"minecraft:damage_absorbed":120,"minecraft:trigger_trapped_chest":11,"minecraft:drop":619,"minecraft:damage_dealt":30451,"minecraft:fly_one_cm":6677318,"minecraft:open_chest":38,"minecraft:crouch_one_cm":21963,"minecraft:deaths":2,"minecraft:sneak_time":28977,"minecraft:jump":8736,"minecraft:fall_one_cm":2284,"minecraft:inspect_dispenser":15},"minecraft:killed_by":{"minecraft:iron_golem":1},"minecraft:mined":{"minecraft:sandstone":9},"minecraft:picked_up":{"minecraft:netherite_boots":2,"minecraft:iron_chestplate":2,"minecraft:feather":2,"minecraft:repeater":16,"minecraft:chicken":1,"minecraft:golden_pickaxe":1,"minecraft:leather":2,"minecraft:diamond_sword":2,"minecraft:enchanted_book":9,"minecraft:cobblestone_stairs":1,"minecraft:gunpowder":25,"minecraft:netherite_leggings":1,"minecraft:string":10,"minecraft:item_frame":1,"minecraft:bone":26,"minecraft:oak_sign":2,"minecraft:bow":5,"minecraft:diamond_leggings":9,"minecraft:comparator":2,"minecraft:netherite_sword":3,"minecraft:beef":3,"minecraft:iron_ingot":70,"minecraft:redstone_torch":40,"minecraft:poppy":24,"minecraft:glass_bottle":2,"minecraft:minecart":9,"minecraft:iron_boots":2,"minecraft:golden_helmet":1,"minecraft:tipped_arrow":9,"minecraft:sandstone":18,"minecraft:torch":6,"minecraft:dandelion":265,"minecraft:oak_pressure_plate":14,"minecraft:cookie":2,"minecraft:carrot":8,"minecraft:redstone":64,"minecraft:rotten_flesh":46,"minecraft:arrow":48,"minecraft:repeating_command_block":1,"minecraft:command_block":4,"minecraft:netherite_helmet":1,"minecraft:iron_helmet":9,"minecraft:golden_apple":64,"minecraft:oak_button":1,"minecraft:bread":18,"minecraft:chainmail_helmet":2,"minecraft:netherite_chestplate":1,"minecraft:white_wool":2,"minecraft:snowball":6,"minecraft:sunflower":139},"minecraft:killed":{"minecraft:cave_spider":2,"minecraft:iron_golem":17,"minecraft:bat":11,"minecraft:creeper":15,"minecraft:skeleton":3,"minecraft:zombie":11,"minecraft:chicken":1,"minecraft:stray":13,"minecraft:silverfish":3},"minecraft:used":{"minecraft:netherite_sword":165,"minecraft:cobblestone_stairs":131,"minecraft:cow_spawn_egg":1,"minecraft:stone_sword":64,"minecraft:dropper":2,"minecraft:witch_spawn_egg":1,"minecraft:dispenser":11,"minecraft:redstone":372,"minecraft:lime_wool":13,"minecraft:oak_planks":1004,"minecraft:oak_sign":32,"minecraft:blue_wool":55,"minecraft:silverfish_spawn_egg":4,"minecraft:chest":11,"minecraft:sandstone":642,"minecraft:cobblestone_slab":545,"minecraft:golden_apple":6,"minecraft:white_wool":48,"minecraft:torch":51,"minecraft:mossy_cobblestone":181,"minecraft:skeleton_spawn_egg":2,"minecraft:anvil":7,"minecraft:comparator":138,"minecraft:oak_slab":525,"minecraft:hopper":9,"minecraft:tnt":9,"minecraft:light_blue_wool":6,"minecraft:jungle_planks":79,"minecraft:orange_wool":647,"minecraft:campfire":28,"minecraft:dark_oak_fence_gate":18,"minecraft:snowball":281,"minecraft:oak_fence_gate":32,"minecraft:creeper_spawn_egg":6,"minecraft:bat_spawn_egg":2,"minecraft:redstone_torch":155,"minecraft:oak_log":328,"minecraft:mossy_cobblestone_stairs":53,"minecraft:glass":21,"minecraft:black_wool":75,"minecraft:warped_trapdoor":1,"minecraft:red_wool":47,"minecraft:command_block":323,"minecraft:oak_stairs":129,"minecraft:bread":1,"minecraft:oak_button":5,"minecraft:jungle_log":14,"minecraft:green_wool":1,"minecraft:spawner":2,"minecraft:chicken_spawn_egg":1,"minecraft:jungle_stairs":46,"minecraft:mossy_cobblestone_slab":131,"minecraft:oak_pressure_plate":36,"minecraft:yellow_wool":62,"minecraft:item_frame":19,"minecraft:repeater":276,"minecraft:glowstone":12,"minecraft:diamond_sword":370,"minecraft:redstone_lamp":28,"minecraft:cobblestone":369,"minecraft:bow":2,"minecraft:andesite":63,"minecraft:andesite_stairs":16,"minecraft:chain_command_block":242,"minecraft:repeating_command_block":51,"minecraft:trapped_chest":1,"minecraft:observer":4,"minecraft:golden_pickaxe":9,"minecraft:cobweb":4},"minecraft:dropped":{"minecraft:bread":5,"minecraft:repeating_command_block":1,"minecraft:golden_pickaxe":1,"minecraft:netherite_sword":2,"minecraft:rotten_flesh":1,"minecraft:comparator":1,"minecraft:command_block":4,"minecraft:carrot":4,"minecraft:golden_apple":61,"minecraft:diamond_sword":2,"minecraft:sunflower":134,"minecraft:arrow":9,"minecraft:bow":1,"minecraft:white_wool":2,"minecraft:dandelion":649}},"DataVersion":2567}